"relative_path","bytes","sha256"
"help\audit_humanize_generation_qualification.stderr.log","0","e3b0c44298fc1c149afbf4c8996fb92427ae41e4649b934ca495991b7852b855"
"help\audit_humanize_generation_qualification.stdout.log","1309","98ebd513a94b46ac0f14432465299e627e9695f8635a93e5dcdc20fb14c2574d"
"help\build_humanize_action_profile.stderr.log","0","e3b0c44298fc1c149afbf4c8996fb92427ae41e4649b934ca495991b7852b855"
"help\build_humanize_action_profile.stdout.log","974","9e7d11345771a9fcb023f3da9b0aada4c9b0d10cf046ffd603d3abfec90495e5"
"help\build_humanize_generator_projection.stderr.log","0","e3b0c44298fc1c149afbf4c8996fb92427ae41e4649b934ca495991b7852b855"
"help\build_humanize_generator_projection.stdout.log","493","6d711242a76755cb7dcee2c382c7f03ced5edf3e965126cbd8329967eed558a7"
"help\build_humanize_voice_profile.stderr.log","0","e3b0c44298fc1c149afbf4c8996fb92427ae41e4649b934ca495991b7852b855"
"help\build_humanize_voice_profile.stdout.log","1527","63b60f504c61c57d74e7d8b8deb2c224feee2a41da10f703255c9b31cacface7"
"help\check_humanize_invariants.stderr.log","0","e3b0c44298fc1c149afbf4c8996fb92427ae41e4649b934ca495991b7852b855"
"help\check_humanize_invariants.stdout.log","1260","590fd16f8e7935d4e9c261d5202e01aa39713618acae8185633e2414a6beadc5"
"help\extract_detector_report_scope.stderr.log","0","e3b0c44298fc1c149afbf4c8996fb92427ae41e4649b934ca495991b7852b855"
"help\extract_detector_report_scope.stdout.log","617","fd62fd1054ec0399b2fb0bc1bbe37e97b02560d78320b1dbfe0fbee51ff14950"
"help\finalize_humanize_long_document.stderr.log","0","e3b0c44298fc1c149afbf4c8996fb92427ae41e4649b934ca495991b7852b855"
"help\finalize_humanize_long_document.stdout.log","946","c6522bb44f103c985d3ce32e81113a8dcc0eb6e0cf16aa620d3f41ad592f44b0"
"help\load_humanize_negative_guards.stderr.log","0","e3b0c44298fc1c149afbf4c8996fb92427ae41e4649b934ca495991b7852b855"
"help\load_humanize_negative_guards.stdout.log","320","a3533ded8f55c9d5988ea863b5dddc8e4fa00ce81d285dea69d7782e4a3cb707"
"help\prepare_humanize_candidate_revision.stderr.log","0","e3b0c44298fc1c149afbf4c8996fb92427ae41e4649b934ca495991b7852b855"
"help\prepare_humanize_candidate_revision.stdout.log","1377","f4c19d613fad17a1fef86da8a9fb6e05fbc5f6a56f380745077f85d837c6c5ec"
"help\prepare_humanize_long_document.stderr.log","0","e3b0c44298fc1c149afbf4c8996fb92427ae41e4649b934ca495991b7852b855"
"help\prepare_humanize_long_document.stdout.log","2324","a4f509fef8a85a4af1438338538d5885ede639497431c435fd5b2166fd955f3d"
"help\prepare_humanize_second_pass.stderr.log","0","e3b0c44298fc1c149afbf4c8996fb92427ae41e4649b934ca495991b7852b855"
"help\prepare_humanize_second_pass.stdout.log","347","334b85eb72f90e80e1711a6b57da1037b9f75794948208de6510d9b09fd283ec"
"help\replay_humanize_long_fixture.stderr.log","0","e3b0c44298fc1c149afbf4c8996fb92427ae41e4649b934ca495991b7852b855"
"help\replay_humanize_long_fixture.stdout.log","423","ae6191efe07dbe7f3d86edb6d14dbfca81850337102084d25b28680ed6f24c22"
"help\route_humanize_scene.stderr.log","0","e3b0c44298fc1c149afbf4c8996fb92427ae41e4649b934ca495991b7852b855"
"help\route_humanize_scene.stdout.log","536","85cb6c35e82c39f675820654ce044fe7ec5d739dd7b17eee0c1e6cba98d283cf"
"help\run_humanize_generation_trial.stderr.log","0","e3b0c44298fc1c149afbf4c8996fb92427ae41e4649b934ca495991b7852b855"
"help\run_humanize_generation_trial.stdout.log","699","91d1a26752d66189e09dc0b28ab53958cd380ff0ce8ada9d8f0fdbac429a43de"
"help\scan_humanize_chinese.stderr.log","0","e3b0c44298fc1c149afbf4c8996fb92427ae41e4649b934ca495991b7852b855"
"help\scan_humanize_chinese.stdout.log","1081","ec14f007e22c80f56cdf0aeb6dc56dbfadf1cb3d3232d66f4309ca95029e565e"
"help\seal_humanize_public_fixture.stderr.log","0","e3b0c44298fc1c149afbf4c8996fb92427ae41e4649b934ca495991b7852b855"
"help\seal_humanize_public_fixture.stdout.log","2358","245f7c3418a59f6e19fe849f5d6e3dffc91733976c78bc09620ad6bcb5fdb9d2"
"help\validate_humanize_candidate_queue.stderr.log","0","e3b0c44298fc1c149afbf4c8996fb92427ae41e4649b934ca495991b7852b855"
"help\validate_humanize_candidate_queue.stdout.log","1368","62ec5f8ae0245bbb0b85dafabede1ca4a656cbe2a2c07caa0cad9328467bdc4c"
"help\validate_humanize_output.stderr.log","0","e3b0c44298fc1c149afbf4c8996fb92427ae41e4649b934ca495991b7852b855"
"help\validate_humanize_output.stdout.log","3106","97c12e1ead03537722af7ff6d9211ce8667cf97dfff657887e74b0114f6a10aa"
"help\validate_humanize_voice_profile.stderr.log","0","e3b0c44298fc1c149afbf4c8996fb92427ae41e4649b934ca495991b7852b855"
"help\validate_humanize_voice_profile.stdout.log","1022","bba5004014d546c6ea30caa454d8895bb36eee899ee227cdc42398dc1e9bae67"
"help\verify_humanize_second_pass.stderr.log","0","e3b0c44298fc1c149afbf4c8996fb92427ae41e4649b934ca495991b7852b855"
"help\verify_humanize_second_pass.stdout.log","598","bea502263591a12e11936a4ec856c552a8dc568b1002f5ad1508a7529b46df63"
"help_results.csv","9026","307f4b918a5190b7653707de6905fc94d92eccc2107c23ce9ccd8af9cc31123e"
"help_results.json","12754","23642c5090330777f263df591d26105b0832cac7fcd652a1b39e89d6d663c11c"
"py_compile\audit_humanize_generation_qualification.stderr.log","0","e3b0c44298fc1c149afbf4c8996fb92427ae41e4649b934ca495991b7852b855"
"py_compile\audit_humanize_generation_qualification.stdout.log","0","e3b0c44298fc1c149afbf4c8996fb92427ae41e4649b934ca495991b7852b855"
"py_compile\build_humanize_action_profile.stderr.log","0","e3b0c44298fc1c149afbf4c8996fb92427ae41e4649b934ca495991b7852b855"
"py_compile\build_humanize_action_profile.stdout.log","0","e3b0c44298fc1c149afbf4c8996fb92427ae41e4649b934ca495991b7852b855"
"py_compile\build_humanize_generator_projection.stderr.log","0","e3b0c44298fc1c149afbf4c8996fb92427ae41e4649b934ca495991b7852b855"
"py_compile\build_humanize_generator_projection.stdout.log","0","e3b0c44298fc1c149afbf4c8996fb92427ae41e4649b934ca495991b7852b855"
"py_compile\build_humanize_voice_profile.stderr.log","0","e3b0c44298fc1c149afbf4c8996fb92427ae41e4649b934ca495991b7852b855"
"py_compile\build_humanize_voice_profile.stdout.log","0","e3b0c44298fc1c149afbf4c8996fb92427ae41e4649b934ca495991b7852b855"
"py_compile\check_humanize_invariants.stderr.log","0","e3b0c44298fc1c149afbf4c8996fb92427ae41e4649b934ca495991b7852b855"
"py_compile\check_humanize_invariants.stdout.log","0","e3b0c44298fc1c149afbf4c8996fb92427ae41e4649b934ca495991b7852b855"
"py_compile\extract_detector_report_scope.stderr.log","0","e3b0c44298fc1c149afbf4c8996fb92427ae41e4649b934ca495991b7852b855"
"py_compile\extract_detector_report_scope.stdout.log","0","e3b0c44298fc1c149afbf4c8996fb92427ae41e4649b934ca495991b7852b855"
"py_compile\finalize_humanize_long_document.stderr.log","0","e3b0c44298fc1c149afbf4c8996fb92427ae41e4649b934ca495991b7852b855"
"py_compile\finalize_humanize_long_document.stdout.log","0","e3b0c44298fc1c149afbf4c8996fb92427ae41e4649b934ca495991b7852b855"
"py_compile\load_humanize_negative_guards.stderr.log","0","e3b0c44298fc1c149afbf4c8996fb92427ae41e4649b934ca495991b7852b855"
"py_compile\load_humanize_negative_guards.stdout.log","0","e3b0c44298fc1c149afbf4c8996fb92427ae41e4649b934ca495991b7852b855"
"py_compile\prepare_humanize_candidate_revision.stderr.log","0","e3b0c44298fc1c149afbf4c8996fb92427ae41e4649b934ca495991b7852b855"
"py_compile\prepare_humanize_candidate_revision.stdout.log","0","e3b0c44298fc1c149afbf4c8996fb92427ae41e4649b934ca495991b7852b855"
"py_compile\prepare_humanize_long_document.stderr.log","0","e3b0c44298fc1c149afbf4c8996fb92427ae41e4649b934ca495991b7852b855"
"py_compile\prepare_humanize_long_document.stdout.log","0","e3b0c44298fc1c149afbf4c8996fb92427ae41e4649b934ca495991b7852b855"
"py_compile\prepare_humanize_second_pass.stderr.log","0","e3b0c44298fc1c149afbf4c8996fb92427ae41e4649b934ca495991b7852b855"
"py_compile\prepare_humanize_second_pass.stdout.log","0","e3b0c44298fc1c149afbf4c8996fb92427ae41e4649b934ca495991b7852b855"
"py_compile\replay_humanize_long_fixture.stderr.log","0","e3b0c44298fc1c149afbf4c8996fb92427ae41e4649b934ca495991b7852b855"
"py_compile\replay_humanize_long_fixture.stdout.log","0","e3b0c44298fc1c149afbf4c8996fb92427ae41e4649b934ca495991b7852b855"
"py_compile\route_humanize_scene.stderr.log","0","e3b0c44298fc1c149afbf4c8996fb92427ae41e4649b934ca495991b7852b855"
"py_compile\route_humanize_scene.stdout.log","0","e3b0c44298fc1c149afbf4c8996fb92427ae41e4649b934ca495991b7852b855"
"py_compile\run_humanize_generation_trial.stderr.log","0","e3b0c44298fc1c149afbf4c8996fb92427ae41e4649b934ca495991b7852b855"
"py_compile\run_humanize_generation_trial.stdout.log","0","e3b0c44298fc1c149afbf4c8996fb92427ae41e4649b934ca495991b7852b855"
"py_compile\scan_humanize_chinese.stderr.log","0","e3b0c44298fc1c149afbf4c8996fb92427ae41e4649b934ca495991b7852b855"
"py_compile\scan_humanize_chinese.stdout.log","0","e3b0c44298fc1c149afbf4c8996fb92427ae41e4649b934ca495991b7852b855"
"py_compile\seal_humanize_public_fixture.stderr.log","0","e3b0c44298fc1c149afbf4c8996fb92427ae41e4649b934ca495991b7852b855"
"py_compile\seal_humanize_public_fixture.stdout.log","0","e3b0c44298fc1c149afbf4c8996fb92427ae41e4649b934ca495991b7852b855"
"py_compile\validate_humanize_candidate_queue.stderr.log","0","e3b0c44298fc1c149afbf4c8996fb92427ae41e4649b934ca495991b7852b855"
"py_compile\validate_humanize_candidate_queue.stdout.log","0","e3b0c44298fc1c149afbf4c8996fb92427ae41e4649b934ca495991b7852b855"
"py_compile\validate_humanize_output.stderr.log","0","e3b0c44298fc1c149afbf4c8996fb92427ae41e4649b934ca495991b7852b855"
"py_compile\validate_humanize_output.stdout.log","0","e3b0c44298fc1c149afbf4c8996fb92427ae41e4649b934ca495991b7852b855"
"py_compile\validate_humanize_voice_profile.stderr.log","0","e3b0c44298fc1c149afbf4c8996fb92427ae41e4649b934ca495991b7852b855"
"py_compile\validate_humanize_voice_profile.stdout.log","0","e3b0c44298fc1c149afbf4c8996fb92427ae41e4649b934ca495991b7852b855"
"py_compile\verify_humanize_second_pass.stderr.log","0","e3b0c44298fc1c149afbf4c8996fb92427ae41e4649b934ca495991b7852b855"
"py_compile\verify_humanize_second_pass.stdout.log","0","e3b0c44298fc1c149afbf4c8996fb92427ae41e4649b934ca495991b7852b855"
"py_compile_results.csv","9216","af0af324a2d7b9574c162e3cbe32338849ca4b9872a03116973c80e08797c5b2"
"py_compile_results.json","12944","535e18c4e7d239137c46d1525969831e28aee9ef7998e4eafb43d5cbb39cc4eb"
"quick_validate.stderr.log","0","e3b0c44298fc1c149afbf4c8996fb92427ae41e4649b934ca495991b7852b855"
"quick_validate.stdout.log","17","6cf9e7f0d34ccd36dbd28f270cd28dd04277b2e1516bd4333ce7bb501d7b18d4"
"quick_validate_result.json","668","16618de0037c63805f0de11ca64691d57d776a555229c1acda7569a21c278e44"
"script_verification_summary.json","690","a29b9a6542e2ec0c39da5342ef1f506ae145ec353a8ba0bba9c1e66399b4d357"
"unittest.stderr.log","667","fc072e14eae3ddb975c0a015d4043e2b815ec0d1aeaa96a08b619f4050df1aa3"
"unittest.stdout.log","0","e3b0c44298fc1c149afbf4c8996fb92427ae41e4649b934ca495991b7852b855"
"unittest_process_result.json","660","029be3b4cdf4cf95539aeec70d133be0cd371a99ad63b6230c9cde3747aefa0a"
"verification_summary.json","2588","7fc601e2f4d0fce8414ce1b7415b1f7f585001009765a7b594b42e5490300da8"
"verification_summary.log","450","5ed8bf2ebe1a9f5ef38b6f45d826af0a16e6f9deb3fcdcc7edf5da32f5077196"
