unit_id,file_id,heading_path,part,start_line,end_line,line_count,scene,scene_requested,scene_document_prior,scene_routing_decision,scene_routing_policy_sha256,scene_routing_policy_revision,scene_routing_top_score,scene_routing_margin,voice_profile_id,voice_profile_revision,voice_profile_confidence,voice_profile_kind,voice_profile_source,voice_profile_binding_scene,voice_profile_sha256,voice_default_disclosure,mode,intensity,structural_plan_status,owner_chunk,chunk_binding_sha256,context_before_unit,context_after_unit,author_chars,protected_spans,status,hash_before,hash_after,diff_path,protected_hashes_ok,style_validation,notes
U-aa435212ef4d,F00001,(front-matter),1,1,55,55,COURSE,COURSE,,EXPLICIT,8d0f916d91b5753fd94d358c4b32e9a6c02b1f30120f43b4cbb2165dc1684450,2,0,0,scene-default-course,1,DEFAULT,DEFAULT,SCENE_DEFAULT,COURSE,e8271e953d604cab9c4b4c0b6dd670d69145c0e44ee46c1ea5d40410903ce16c,True,REWRITE,STRUCTURAL,NOT_RUN,U-aa435212ef4d,bb346d6562a6183269e8a24f9e4ba1c097002ee29766f22bbd98f0a98417a3df,,U-646da92f10b7,47,69,PENDING,222c88fb0f583396b4ed2ba563de5a0bff92595d24e991a69b02f2c02b4ccaec,,,NOT_RUN,NOT_RUN,
U-646da92f10b7,F00001,质点运动学,1,56,57,2,COURSE,COURSE,,EXPLICIT,8d0f916d91b5753fd94d358c4b32e9a6c02b1f30120f43b4cbb2165dc1684450,2,0,0,scene-default-course,1,DEFAULT,DEFAULT,SCENE_DEFAULT,COURSE,e8271e953d604cab9c4b4c0b6dd670d69145c0e44ee46c1ea5d40410903ce16c,True,REWRITE,STRUCTURAL,NOT_RUN,U-646da92f10b7,5468c480b8c556f2447ab68e97f3e81b96025235d9e20d9a503da1ea659ecefa,U-aa435212ef4d,U-ed1a94537f6d,0,1,SKIPPED_PROTECTED,2198fd832478c330d5c082982d107769eefc3963e06a49975b2481e786ca9fb9,,,NOT_RUN,NOT_RUN,
U-ed1a94537f6d,F00001,质点运动学 / 位置矢量,1,58,82,25,COURSE,COURSE,,EXPLICIT,8d0f916d91b5753fd94d358c4b32e9a6c02b1f30120f43b4cbb2165dc1684450,2,0,0,scene-default-course,1,DEFAULT,DEFAULT,SCENE_DEFAULT,COURSE,e8271e953d604cab9c4b4c0b6dd670d69145c0e44ee46c1ea5d40410903ce16c,True,REWRITE,STRUCTURAL,NOT_RUN,U-ed1a94537f6d,3facf821ca69c2882c08eba4ae32779705cb3e5f1864c82044e5f09742a483b3,U-646da92f10b7,U-ce3d3487f98c,0,2,SKIPPED_PROTECTED,c182e702cbefd3dcc80cb1b49da81b5261b315945c52c81c8b5028c6c718113d,,,NOT_RUN,NOT_RUN,
U-ce3d3487f98c,F00001,质点运动学 / 切向加速度/法向加速度,1,83,244,162,COURSE,COURSE,,EXPLICIT,8d0f916d91b5753fd94d358c4b32e9a6c02b1f30120f43b4cbb2165dc1684450,2,0,0,scene-default-course,1,DEFAULT,DEFAULT,SCENE_DEFAULT,COURSE,e8271e953d604cab9c4b4c0b6dd670d69145c0e44ee46c1ea5d40410903ce16c,True,REWRITE,STRUCTURAL,NOT_RUN,U-ce3d3487f98c,97deb6c6e56296e526ceabb0382111c454bf2467eec8e1b39cea0d2f0780a6ba,U-ed1a94537f6d,U-d3976169c4f3,777,132,PENDING,8e44e3a4f146bcf6025b923912f827400c331f48804f83eb3ff6154b7e1864f5,,,NOT_RUN,NOT_RUN,
U-d3976169c4f3,F00001,质点动力学基础,1,245,246,2,COURSE,COURSE,,EXPLICIT,8d0f916d91b5753fd94d358c4b32e9a6c02b1f30120f43b4cbb2165dc1684450,2,0,0,scene-default-course,1,DEFAULT,DEFAULT,SCENE_DEFAULT,COURSE,e8271e953d604cab9c4b4c0b6dd670d69145c0e44ee46c1ea5d40410903ce16c,True,REWRITE,STRUCTURAL,NOT_RUN,U-d3976169c4f3,6e01fa1c2d4a7eae0ff4f0e91fa59162c84ef18183108fe9ea798da6eea49eff,U-ce3d3487f98c,U-44d7754f7bea,0,1,SKIPPED_PROTECTED,f278ec0879a544efafda161cfc06efdd22365efc8cb607d7df2f93a45c2f0572,,,NOT_RUN,NOT_RUN,
U-44d7754f7bea,F00001,质点动力学基础 / 惯性与惯性系,1,247,446,200,COURSE,COURSE,,EXPLICIT,8d0f916d91b5753fd94d358c4b32e9a6c02b1f30120f43b4cbb2165dc1684450,2,0,0,scene-default-course,1,DEFAULT,DEFAULT,SCENE_DEFAULT,COURSE,e8271e953d604cab9c4b4c0b6dd670d69145c0e44ee46c1ea5d40410903ce16c,True,REWRITE,STRUCTURAL,NOT_RUN,U-44d7754f7bea,a331a9dc2c74b6b01fbdf2e997b7059cefc752b70e6c5cb93a0a67b939fb9fe0,U-d3976169c4f3,U-9a738d92f17c,1318,198,PENDING,66dca729b0a6c7a1c3c0a4ace24a346b822ad633eef982821d00c208a2ec8b4e,,,NOT_RUN,NOT_RUN,
U-9a738d92f17c,F00001,三大守恒定律,1,447,450,4,COURSE,COURSE,,EXPLICIT,8d0f916d91b5753fd94d358c4b32e9a6c02b1f30120f43b4cbb2165dc1684450,2,0,0,scene-default-course,1,DEFAULT,DEFAULT,SCENE_DEFAULT,COURSE,e8271e953d604cab9c4b4c0b6dd670d69145c0e44ee46c1ea5d40410903ce16c,True,REWRITE,STRUCTURAL,NOT_RUN,U-9a738d92f17c,f087b2ff46c48b962e92d18c8a4427fb0c9a0017823914efe3ff1dce82339d57,U-44d7754f7bea,U-d89844bec906,0,1,SKIPPED_PROTECTED,9d12a9c6acd23cf50931582b90fdb4562e115d9f13607b2791eec7ed6698eb3f,,,NOT_RUN,NOT_RUN,
U-d89844bec906,F00001,三大守恒定律 / 动量与动量守恒,1,451,624,174,COURSE,COURSE,,EXPLICIT,8d0f916d91b5753fd94d358c4b32e9a6c02b1f30120f43b4cbb2165dc1684450,2,0,0,scene-default-course,1,DEFAULT,DEFAULT,SCENE_DEFAULT,COURSE,e8271e953d604cab9c4b4c0b6dd670d69145c0e44ee46c1ea5d40410903ce16c,True,REWRITE,STRUCTURAL,NOT_RUN,U-d89844bec906,f60a8489303ebb160930afcbcee0c4fc0b62814910f24bd2c6b4b8fe12be24c2,U-9a738d92f17c,U-5a46996ce9b1,2140,201,PENDING,5e956ed1d6af95622f6301e0f9050cba29efc4677fb6def63c2d2c6fab971b2f,,,NOT_RUN,NOT_RUN,
U-5a46996ce9b1,F00001,三大守恒定律 / 质心：为什么系统还能用一个点代表整体平移,1,625,669,45,COURSE,COURSE,,EXPLICIT,8d0f916d91b5753fd94d358c4b32e9a6c02b1f30120f43b4cbb2165dc1684450,2,0,0,scene-default-course,1,DEFAULT,DEFAULT,SCENE_DEFAULT,COURSE,e8271e953d604cab9c4b4c0b6dd670d69145c0e44ee46c1ea5d40410903ce16c,True,REWRITE,STRUCTURAL,NOT_RUN,U-5a46996ce9b1,37c824c56aa3a37033ba6409d6d7318f08d26bad9f3d6f14d9c31686c0571f56,U-d89844bec906,U-93a175ff5d21,501,46,PENDING,ecc8eff76759ab26bb497c3d2619690cbfcc8042ce18ed49137a6832eef5e68f,,,NOT_RUN,NOT_RUN,
U-93a175ff5d21,F00001,三大守恒定律 / 变力做功,1,670,752,83,COURSE,COURSE,,EXPLICIT,8d0f916d91b5753fd94d358c4b32e9a6c02b1f30120f43b4cbb2165dc1684450,2,0,0,scene-default-course,1,DEFAULT,DEFAULT,SCENE_DEFAULT,COURSE,e8271e953d604cab9c4b4c0b6dd670d69145c0e44ee46c1ea5d40410903ce16c,True,REWRITE,STRUCTURAL,NOT_RUN,U-93a175ff5d21,0389959a90846f894b1de2e345d9838443c6f903a1c84ee6cfb117e770933a78,U-5a46996ce9b1,U-5a952dcdf732,1054,116,PENDING,aa197b71c3ae69ffe1eb95e5e61ba145d559cc70fd8f8c2f78f04957e51b2bb7,,,NOT_RUN,NOT_RUN,
U-5a952dcdf732,F00001,三大守恒定律 / 一对力的功，势能,1,753,807,55,COURSE,COURSE,,EXPLICIT,8d0f916d91b5753fd94d358c4b32e9a6c02b1f30120f43b4cbb2165dc1684450,2,0,0,scene-default-course,1,DEFAULT,DEFAULT,SCENE_DEFAULT,COURSE,e8271e953d604cab9c4b4c0b6dd670d69145c0e44ee46c1ea5d40410903ce16c,True,REWRITE,STRUCTURAL,NOT_RUN,U-5a952dcdf732,f955353c110bd89b994ea421a65b6bb24b98935871f98a16e92f9105f4e74d20,U-93a175ff5d21,U-aaa02321838d,640,64,PENDING,125e145c442b48b08b5c09cffa27248e9f6aa97ecf9e6c5ffdd653b2a7d37388,,,NOT_RUN,NOT_RUN,
U-aaa02321838d,F00001,三大守恒定律 / 角动量与角动量守恒,1,808,980,173,COURSE,COURSE,,EXPLICIT,8d0f916d91b5753fd94d358c4b32e9a6c02b1f30120f43b4cbb2165dc1684450,2,0,0,scene-default-course,1,DEFAULT,DEFAULT,SCENE_DEFAULT,COURSE,e8271e953d604cab9c4b4c0b6dd670d69145c0e44ee46c1ea5d40410903ce16c,True,REWRITE,STRUCTURAL,NOT_RUN,U-aaa02321838d,8ed71474be606e47322eefa1c4c56ccd4a94b2258dde04724c15f992c9853f93,U-5a952dcdf732,U-3cce0e4dc4b6,1130,128,PENDING,0e3caed0537d84ac98df1de792754b7451b45ba1fbfcf09b85abedd7d45c8272,,,NOT_RUN,NOT_RUN,
U-3cce0e4dc4b6,F00001,刚体力学,1,981,990,10,COURSE,COURSE,,EXPLICIT,8d0f916d91b5753fd94d358c4b32e9a6c02b1f30120f43b4cbb2165dc1684450,2,0,0,scene-default-course,1,DEFAULT,DEFAULT,SCENE_DEFAULT,COURSE,e8271e953d604cab9c4b4c0b6dd670d69145c0e44ee46c1ea5d40410903ce16c,True,REWRITE,STRUCTURAL,NOT_RUN,U-3cce0e4dc4b6,9fedf638dd331c564af44b17959bb527359b0eb99066183d71174a256ef2d9b2,U-aaa02321838d,U-5526bbdfb490,0,1,SKIPPED_PROTECTED,37a529afde6a99fcf47e4ef128518468cb4497dd6fa7ee802efff9a10e7c5f49,,,NOT_RUN,NOT_RUN,
U-5526bbdfb490,F00001,刚体力学 / 刚体与定轴转动,1,991,1128,138,COURSE,COURSE,,EXPLICIT,8d0f916d91b5753fd94d358c4b32e9a6c02b1f30120f43b4cbb2165dc1684450,2,0,0,scene-default-course,1,DEFAULT,DEFAULT,SCENE_DEFAULT,COURSE,e8271e953d604cab9c4b4c0b6dd670d69145c0e44ee46c1ea5d40410903ce16c,True,REWRITE,STRUCTURAL,NOT_RUN,U-5526bbdfb490,3b437fffefdb4b0c2ac67551cefab5ff5bf5d147e457dfbaae00cddb299aca67,U-3cce0e4dc4b6,U-322b38e2be59,2278,238,PENDING,5ab52f9463f74cb3a67e97e764e0659f81ebb714878a7a3a7ecbae6b97bb7e24,,,NOT_RUN,NOT_RUN,
U-322b38e2be59,F00001,刚体力学 / 刚体定轴转动的角动量定理与转动定律,1,1129,1254,126,COURSE,COURSE,,EXPLICIT,8d0f916d91b5753fd94d358c4b32e9a6c02b1f30120f43b4cbb2165dc1684450,2,0,0,scene-default-course,1,DEFAULT,DEFAULT,SCENE_DEFAULT,COURSE,e8271e953d604cab9c4b4c0b6dd670d69145c0e44ee46c1ea5d40410903ce16c,True,REWRITE,STRUCTURAL,NOT_RUN,U-322b38e2be59,981473a6112804f3b148e2088b550900fe69f63201c1bacb6b25c5875875c979,U-5526bbdfb490,U-66401ff114b1,1256,137,PENDING,7cf73420674bb4df1049634a9da763161c6b4bda50894db018a9016467451bb4,,,NOT_RUN,NOT_RUN,
U-66401ff114b1,F00001,刚体力学 / 回转运动与陀螺的进动,1,1255,1374,120,COURSE,COURSE,,EXPLICIT,8d0f916d91b5753fd94d358c4b32e9a6c02b1f30120f43b4cbb2165dc1684450,2,0,0,scene-default-course,1,DEFAULT,DEFAULT,SCENE_DEFAULT,COURSE,e8271e953d604cab9c4b4c0b6dd670d69145c0e44ee46c1ea5d40410903ce16c,True,REWRITE,STRUCTURAL,NOT_RUN,U-66401ff114b1,da8fc284966a6756da9ee74265f22801053137228f266e1edb4af6cbf9afcef3,U-322b38e2be59,U-068fd524dcff,908,108,PENDING,8ece7d52272717b9938e7a6c9778e21344dc12739eb5c7d53cef70387c8acad0,,,NOT_RUN,NOT_RUN,
U-068fd524dcff,F00001,机械振动,1,1375,1487,113,COURSE,COURSE,,EXPLICIT,8d0f916d91b5753fd94d358c4b32e9a6c02b1f30120f43b4cbb2165dc1684450,2,0,0,scene-default-course,1,DEFAULT,DEFAULT,SCENE_DEFAULT,COURSE,e8271e953d604cab9c4b4c0b6dd670d69145c0e44ee46c1ea5d40410903ce16c,True,REWRITE,STRUCTURAL,NOT_RUN,U-068fd524dcff,aa6e3dd60881b4de2dc675891e824de7aa7b7b8cb9610be7415ab90618a62aab,U-66401ff114b1,U-966383e93b1e,215,105,PENDING,55e040d5bf3e96dd7f01c065171e12e02c0b91a8ad75e43bf94ac7416750db8b,,,NOT_RUN,NOT_RUN,
U-966383e93b1e,F00001,机械振动 / 振动能量,1,1488,1568,81,COURSE,COURSE,,EXPLICIT,8d0f916d91b5753fd94d358c4b32e9a6c02b1f30120f43b4cbb2165dc1684450,2,0,0,scene-default-course,1,DEFAULT,DEFAULT,SCENE_DEFAULT,COURSE,e8271e953d604cab9c4b4c0b6dd670d69145c0e44ee46c1ea5d40410903ce16c,True,REWRITE,STRUCTURAL,NOT_RUN,U-966383e93b1e,ea7d9a0ea1db9175007f6bfc578b75b9168dbc9136f16f7f13ccac46c83f4489,U-068fd524dcff,U-27aa029b2563,212,50,PENDING,e555fb70f2ffcaf640431ff2355f0cb221b6e8d5e323dea0c1b011cda4f1bd8f,,,NOT_RUN,NOT_RUN,
U-27aa029b2563,F00001,机械振动 / 同方向同频率简谐振动的合成,1,1569,1593,25,COURSE,COURSE,,EXPLICIT,8d0f916d91b5753fd94d358c4b32e9a6c02b1f30120f43b4cbb2165dc1684450,2,0,0,scene-default-course,1,DEFAULT,DEFAULT,SCENE_DEFAULT,COURSE,e8271e953d604cab9c4b4c0b6dd670d69145c0e44ee46c1ea5d40410903ce16c,True,REWRITE,STRUCTURAL,NOT_RUN,U-27aa029b2563,7fb320b6a3d30e0eb084bbc75f7a59eb2f46105469cd007af5dd735338d9f15d,U-966383e93b1e,U-d5fcbb55026e,60,8,PENDING,c5f73a30727ad2be7760e67f6d1f665fe221bdea996a089476bff4ab959dffe4,,,NOT_RUN,NOT_RUN,
U-d5fcbb55026e,F00001,机械振动 / 拍与拍频,1,1594,1622,29,COURSE,COURSE,,EXPLICIT,8d0f916d91b5753fd94d358c4b32e9a6c02b1f30120f43b4cbb2165dc1684450,2,0,0,scene-default-course,1,DEFAULT,DEFAULT,SCENE_DEFAULT,COURSE,e8271e953d604cab9c4b4c0b6dd670d69145c0e44ee46c1ea5d40410903ce16c,True,REWRITE,STRUCTURAL,NOT_RUN,U-d5fcbb55026e,d13d3b06f981ea27c79232712bee084bc2b2cb47893e3846fe6cb2ea55979f49,U-27aa029b2563,U-3af0d2755471,271,37,PENDING,6df5ab4003b89d387ddae2a26f9b0514f8efca1f893647ac4786800fa7c61b5b,,,NOT_RUN,NOT_RUN,
U-3af0d2755471,F00001,机械振动 / 相互垂直的合成,1,1623,1624,2,COURSE,COURSE,,EXPLICIT,8d0f916d91b5753fd94d358c4b32e9a6c02b1f30120f43b4cbb2165dc1684450,2,0,0,scene-default-course,1,DEFAULT,DEFAULT,SCENE_DEFAULT,COURSE,e8271e953d604cab9c4b4c0b6dd670d69145c0e44ee46c1ea5d40410903ce16c,True,REWRITE,STRUCTURAL,NOT_RUN,U-3af0d2755471,d6d6c874fa3b810693308f09fabb174af706316d6d56f0cc5ea2475ecfe41ca4,U-d5fcbb55026e,U-c37af55ccd2a,0,1,SKIPPED_PROTECTED,5e4643845559b77dd2ba129cb80149966df4d6f97817198ccd858470b8350e00,,,NOT_RUN,NOT_RUN,
U-c37af55ccd2a,F00001,机械振动 / 相互垂直的合成 / 同频率相互垂直简谐运动的合成,1,1625,1640,16,COURSE,COURSE,,EXPLICIT,8d0f916d91b5753fd94d358c4b32e9a6c02b1f30120f43b4cbb2165dc1684450,2,0,0,scene-default-course,1,DEFAULT,DEFAULT,SCENE_DEFAULT,COURSE,e8271e953d604cab9c4b4c0b6dd670d69145c0e44ee46c1ea5d40410903ce16c,True,REWRITE,STRUCTURAL,NOT_RUN,U-c37af55ccd2a,267383f33b6276fd541b623bcbff78207770c66dae4c31af196e5b5f07ae3d1a,U-3af0d2755471,U-9ae372a0372e,163,37,PENDING,e365dfc039eb0594ad4f27c91db1b80ae7c27a53f5d92f37736b0a347744d17f,,,NOT_RUN,NOT_RUN,
U-9ae372a0372e,F00001,机械振动 / 相互垂直的合成 / 不同频率相互垂直简谐运动的合成：李萨如图形,1,1641,1645,5,COURSE,COURSE,,EXPLICIT,8d0f916d91b5753fd94d358c4b32e9a6c02b1f30120f43b4cbb2165dc1684450,2,0,0,scene-default-course,1,DEFAULT,DEFAULT,SCENE_DEFAULT,COURSE,e8271e953d604cab9c4b4c0b6dd670d69145c0e44ee46c1ea5d40410903ce16c,True,REWRITE,STRUCTURAL,NOT_RUN,U-9ae372a0372e,7990bdd376a477ad432331c793c10167669529e7c92834cd6f9c4d5b298800f1,U-c37af55ccd2a,U-3d6c95c0687f,133,4,PENDING,82a8d358ae5529ae7b60c9ccd5d3c43dd178443247a21402b8d43cd9d6d725f5,,,NOT_RUN,NOT_RUN,
U-3d6c95c0687f,F00001,机械振动 / 阻尼振动,1,1646,1699,54,COURSE,COURSE,,EXPLICIT,8d0f916d91b5753fd94d358c4b32e9a6c02b1f30120f43b4cbb2165dc1684450,2,0,0,scene-default-course,1,DEFAULT,DEFAULT,SCENE_DEFAULT,COURSE,e8271e953d604cab9c4b4c0b6dd670d69145c0e44ee46c1ea5d40410903ce16c,True,REWRITE,STRUCTURAL,NOT_RUN,U-3d6c95c0687f,2b07e6a4c15aa522abc52d9fd58d24e635b1d38a4ebdd60e775e3b78a47fd445,U-9ae372a0372e,U-1a7d6fce24c1,38,14,PENDING,ec027ef4c29c8b07236fcfe1903a1ce37c9f0bff141d1dace3efa1bd15c12c54,,,NOT_RUN,NOT_RUN,
U-1a7d6fce24c1,F00001,机械振动 / 受迫振动,1,1700,1715,16,COURSE,COURSE,,EXPLICIT,8d0f916d91b5753fd94d358c4b32e9a6c02b1f30120f43b4cbb2165dc1684450,2,0,0,scene-default-course,1,DEFAULT,DEFAULT,SCENE_DEFAULT,COURSE,e8271e953d604cab9c4b4c0b6dd670d69145c0e44ee46c1ea5d40410903ce16c,True,REWRITE,STRUCTURAL,NOT_RUN,U-1a7d6fce24c1,e17d06fa1d78c6845a9c0393e3a05473ba54fcad1ce7c9cfd4d2b679728ba931,U-3d6c95c0687f,U-6f1216967d21,56,9,PENDING,67defe79e5e69e6b851bcb6328b0b4fce397808b4c93b4a2188c99a19f8e275a,,,NOT_RUN,NOT_RUN,
U-6f1216967d21,F00001,机械振动 / 共振,1,1716,1745,30,COURSE,COURSE,,EXPLICIT,8d0f916d91b5753fd94d358c4b32e9a6c02b1f30120f43b4cbb2165dc1684450,2,0,0,scene-default-course,1,DEFAULT,DEFAULT,SCENE_DEFAULT,COURSE,e8271e953d604cab9c4b4c0b6dd670d69145c0e44ee46c1ea5d40410903ce16c,True,REWRITE,STRUCTURAL,NOT_RUN,U-6f1216967d21,eb68a647e7c6aa0d21a54cb52f5bcbc0feb62e43f55124ff62a21a9b0ed959c8,U-1a7d6fce24c1,U-fc693b54bb06,310,27,PENDING,2a3fea32b24d8c55685106fa77c8d88dc619153603bd9ca530089e50d6c9ccdb,,,NOT_RUN,NOT_RUN,
U-fc693b54bb06,F00001,机械波,1,1746,1805,60,COURSE,COURSE,,EXPLICIT,8d0f916d91b5753fd94d358c4b32e9a6c02b1f30120f43b4cbb2165dc1684450,2,0,0,scene-default-course,1,DEFAULT,DEFAULT,SCENE_DEFAULT,COURSE,e8271e953d604cab9c4b4c0b6dd670d69145c0e44ee46c1ea5d40410903ce16c,True,REWRITE,STRUCTURAL,NOT_RUN,U-fc693b54bb06,b0801f69ff88c8a1058ce78713237d3ffe9fe03e729ba8ad5a298400309bb438,U-6f1216967d21,U-bdc4a7851ced,284,28,PENDING,3f06098f9a12e9ada164bdc8b5b3e159df12281a8dbc5f6f2948a2c442086085,,,NOT_RUN,NOT_RUN,
U-bdc4a7851ced,F00001,机械波 / 平面简谐波的波函数,1,1806,1928,123,COURSE,COURSE,,EXPLICIT,8d0f916d91b5753fd94d358c4b32e9a6c02b1f30120f43b4cbb2165dc1684450,2,0,0,scene-default-course,1,DEFAULT,DEFAULT,SCENE_DEFAULT,COURSE,e8271e953d604cab9c4b4c0b6dd670d69145c0e44ee46c1ea5d40410903ce16c,True,REWRITE,STRUCTURAL,NOT_RUN,U-bdc4a7851ced,ec518ef0f5eb2af37e5b5331e05004553c8511d84a5eac30ebc4d3d02d5a19a7,U-fc693b54bb06,U-1bfa9d80b5a1,817,107,PENDING,7c272af6d685306e182134dc0b33f997719718fe0bc5b3350aed82566be74976,,,NOT_RUN,NOT_RUN,
U-1bfa9d80b5a1,F00001,机械波 / 机械波的能量,1,1929,1985,57,COURSE,COURSE,,EXPLICIT,8d0f916d91b5753fd94d358c4b32e9a6c02b1f30120f43b4cbb2165dc1684450,2,0,0,scene-default-course,1,DEFAULT,DEFAULT,SCENE_DEFAULT,COURSE,e8271e953d604cab9c4b4c0b6dd670d69145c0e44ee46c1ea5d40410903ce16c,True,REWRITE,STRUCTURAL,NOT_RUN,U-1bfa9d80b5a1,6a3d3c428983dc423a36ade19ed5233cb290d852ba180b1d5161b5e66d3cc0d6,U-bdc4a7851ced,U-4a0799ab6445,654,44,PENDING,5c557c5fe6e35fe77bd646430c73a3b9fed956a28dfa7df1cff96f282bb147cc,,,NOT_RUN,NOT_RUN,
U-4a0799ab6445,F00001,机械波 / 惠更斯原理与波的衍射，波的反射和折射,1,1986,2005,20,COURSE,COURSE,,EXPLICIT,8d0f916d91b5753fd94d358c4b32e9a6c02b1f30120f43b4cbb2165dc1684450,2,0,0,scene-default-course,1,DEFAULT,DEFAULT,SCENE_DEFAULT,COURSE,e8271e953d604cab9c4b4c0b6dd670d69145c0e44ee46c1ea5d40410903ce16c,True,REWRITE,STRUCTURAL,NOT_RUN,U-4a0799ab6445,21ce16eda106a0cb891b7f0f946d822dd79429ec4e65db10b9b6e1b851db7770,U-1bfa9d80b5a1,U-54a5eebc08e3,225,6,PENDING,e8dc2149233e0dbdfb771b872165a0f93e3d2e9c9e59fd1859f21af759719f69,,,NOT_RUN,NOT_RUN,
U-54a5eebc08e3,F00001,机械波 / 波的叠加，干涉,1,2006,2086,81,COURSE,COURSE,,EXPLICIT,8d0f916d91b5753fd94d358c4b32e9a6c02b1f30120f43b4cbb2165dc1684450,2,0,0,scene-default-course,1,DEFAULT,DEFAULT,SCENE_DEFAULT,COURSE,e8271e953d604cab9c4b4c0b6dd670d69145c0e44ee46c1ea5d40410903ce16c,True,REWRITE,STRUCTURAL,NOT_RUN,U-54a5eebc08e3,fa234d7fcb60cf187940ceee810adf1f7d0a0d1260c66e47b4a4622d5308e87d,U-4a0799ab6445,U-b2e9683a3be0,353,41,PENDING,4758171713b1e7c4d0a797f9892f68a323187f0a059e098e46046f1874acceba,,,NOT_RUN,NOT_RUN,
U-b2e9683a3be0,F00001,机械波 / 驻波,1,2087,2170,84,COURSE,COURSE,,EXPLICIT,8d0f916d91b5753fd94d358c4b32e9a6c02b1f30120f43b4cbb2165dc1684450,2,0,0,scene-default-course,1,DEFAULT,DEFAULT,SCENE_DEFAULT,COURSE,e8271e953d604cab9c4b4c0b6dd670d69145c0e44ee46c1ea5d40410903ce16c,True,REWRITE,STRUCTURAL,NOT_RUN,U-b2e9683a3be0,59893b20ac0a04343ed16d3080e7dd0f9720d920e3858fa1ded876ce6c400432,U-54a5eebc08e3,U-7a8f93aa97fa,397,35,PENDING,dffe222dbe63cb8c4291aee096b53cc6f7155604b26047e6c8359e00f8ab9e64,,,NOT_RUN,NOT_RUN,
U-7a8f93aa97fa,F00001,机械波 / 相位突变与半波损失,1,2171,2277,107,COURSE,COURSE,,EXPLICIT,8d0f916d91b5753fd94d358c4b32e9a6c02b1f30120f43b4cbb2165dc1684450,2,0,0,scene-default-course,1,DEFAULT,DEFAULT,SCENE_DEFAULT,COURSE,e8271e953d604cab9c4b4c0b6dd670d69145c0e44ee46c1ea5d40410903ce16c,True,REWRITE,STRUCTURAL,NOT_RUN,U-7a8f93aa97fa,c0d8a98e32f8141efc57c62d9354b18ef6a67abf036559abb7d6f78e4ac94682,U-b2e9683a3be0,U-b325e0f1a375,292,63,PENDING,464ec0e221fd10ce36cfb1d114db98e99f880a6126a46ee053ee80e028c6ce44,,,NOT_RUN,NOT_RUN,
U-b325e0f1a375,F00001,机械波 / 弦振动的简正模式,1,2278,2312,35,COURSE,COURSE,,EXPLICIT,8d0f916d91b5753fd94d358c4b32e9a6c02b1f30120f43b4cbb2165dc1684450,2,0,0,scene-default-course,1,DEFAULT,DEFAULT,SCENE_DEFAULT,COURSE,e8271e953d604cab9c4b4c0b6dd670d69145c0e44ee46c1ea5d40410903ce16c,True,REWRITE,STRUCTURAL,NOT_RUN,U-b325e0f1a375,a9d6d6dfa0548c3ca6298fd1f1f92401ddca1f404f946c02130ccc90638a0c21,U-7a8f93aa97fa,U-173d51b43463,90,13,PENDING,1141b39ba449818f4cffdb6b57aa567969090fe7874d2c0b8d15c7a4545f1ed7,,,NOT_RUN,NOT_RUN,
U-173d51b43463,F00001,机械波 / 多普勒效应,1,2313,2355,43,COURSE,COURSE,,EXPLICIT,8d0f916d91b5753fd94d358c4b32e9a6c02b1f30120f43b4cbb2165dc1684450,2,0,0,scene-default-course,1,DEFAULT,DEFAULT,SCENE_DEFAULT,COURSE,e8271e953d604cab9c4b4c0b6dd670d69145c0e44ee46c1ea5d40410903ce16c,True,REWRITE,STRUCTURAL,NOT_RUN,U-173d51b43463,03b64c2818bb564d08a85f04d13a4b8d5aa3c2c7e40c90f0bd35591d961f0001,U-b325e0f1a375,U-24d46230867e,90,28,PENDING,745a737abc82dd399cb6635a607f8898a62ff0bc21ad05a0d9ce6d5cdc76ebbc,,,NOT_RUN,NOT_RUN,
U-24d46230867e,F00001,光的干涉,1,2356,2419,64,COURSE,COURSE,,EXPLICIT,8d0f916d91b5753fd94d358c4b32e9a6c02b1f30120f43b4cbb2165dc1684450,2,0,0,scene-default-course,1,DEFAULT,DEFAULT,SCENE_DEFAULT,COURSE,e8271e953d604cab9c4b4c0b6dd670d69145c0e44ee46c1ea5d40410903ce16c,True,REWRITE,STRUCTURAL,NOT_RUN,U-24d46230867e,d40d0a6dd491bfeb4f56a25eff34810cf00334dbb004d573ceaae0b8c96e7d54,U-173d51b43463,U-1752c9850ad3,297,36,PENDING,e654fd96a92efc0ad7e33b895d885cbeca1f5c10eb1b4d37127a36ff50308d5d,,,NOT_RUN,NOT_RUN,
U-1752c9850ad3,F00001,光的干涉 / 干涉的光强分布与光程,1,2420,2513,94,COURSE,COURSE,,EXPLICIT,8d0f916d91b5753fd94d358c4b32e9a6c02b1f30120f43b4cbb2165dc1684450,2,0,0,scene-default-course,1,DEFAULT,DEFAULT,SCENE_DEFAULT,COURSE,e8271e953d604cab9c4b4c0b6dd670d69145c0e44ee46c1ea5d40410903ce16c,True,REWRITE,STRUCTURAL,NOT_RUN,U-1752c9850ad3,fcb4b0fe4292e11455499903e7beed7f0d4abb8b9b2b3a877da4d47e603986c7,U-24d46230867e,U-360468dbc955,142,16,PENDING,9227e8fefb83f250ee859f115592e05a2510037e4a79f5d4168658c3dc7d6f53,,,NOT_RUN,NOT_RUN,
U-360468dbc955,F00001,光的干涉 / 杨氏双缝干涉实验,1,2514,2691,178,COURSE,COURSE,,EXPLICIT,8d0f916d91b5753fd94d358c4b32e9a6c02b1f30120f43b4cbb2165dc1684450,2,0,0,scene-default-course,1,DEFAULT,DEFAULT,SCENE_DEFAULT,COURSE,e8271e953d604cab9c4b4c0b6dd670d69145c0e44ee46c1ea5d40410903ce16c,True,REWRITE,STRUCTURAL,NOT_RUN,U-360468dbc955,5903031c01b1a845cf7bbbf46d7b0cda87115f581bdc505007e00e623ff091ab,U-1752c9850ad3,U-d89348ee7254,914,104,PENDING,6bc06735db367a0b6bd73b4c87993bb29bc9e2e31a154f2b5218645a6a1e2fc7,,,NOT_RUN,NOT_RUN,
U-d89348ee7254,F00001,光的干涉 / 薄膜干涉公式与附加光程差,1,2692,2784,93,COURSE,COURSE,,EXPLICIT,8d0f916d91b5753fd94d358c4b32e9a6c02b1f30120f43b4cbb2165dc1684450,2,0,0,scene-default-course,1,DEFAULT,DEFAULT,SCENE_DEFAULT,COURSE,e8271e953d604cab9c4b4c0b6dd670d69145c0e44ee46c1ea5d40410903ce16c,True,REWRITE,STRUCTURAL,NOT_RUN,U-d89348ee7254,c5379fd7b57d7eac86b824c89f279cdb0fc25ec03976d4f3e84116f2f4eedb11,U-360468dbc955,U-972b557abc18,368,34,PENDING,ff6077969bdb28cbeac6ee3bfb8b6c376298b5d970549927da6e6a66d0aa7dea,,,NOT_RUN,NOT_RUN,
U-972b557abc18,F00001,光的干涉 / 劈尖薄膜的干涉,1,2785,2955,171,COURSE,COURSE,,EXPLICIT,8d0f916d91b5753fd94d358c4b32e9a6c02b1f30120f43b4cbb2165dc1684450,2,0,0,scene-default-course,1,DEFAULT,DEFAULT,SCENE_DEFAULT,COURSE,e8271e953d604cab9c4b4c0b6dd670d69145c0e44ee46c1ea5d40410903ce16c,True,REWRITE,STRUCTURAL,NOT_RUN,U-972b557abc18,ad16a04485f4232aaae2626a63b09689e9354ad0ee1f77fef537e6608b7599dd,U-d89348ee7254,U-a85c2982f88b,1260,119,PENDING,8630c2be5ca720eabaff1af21d82d25d9f6d162445b032e50dcc5fa2b1531912,,,NOT_RUN,NOT_RUN,
U-a85c2982f88b,F00001,光的干涉 / 牛顿环,1,2956,3111,156,COURSE,COURSE,,EXPLICIT,8d0f916d91b5753fd94d358c4b32e9a6c02b1f30120f43b4cbb2165dc1684450,2,0,0,scene-default-course,1,DEFAULT,DEFAULT,SCENE_DEFAULT,COURSE,e8271e953d604cab9c4b4c0b6dd670d69145c0e44ee46c1ea5d40410903ce16c,True,REWRITE,STRUCTURAL,NOT_RUN,U-a85c2982f88b,a14f5fd67ba666e7b509b2c5f0b262a119a0f930e61ef102bcd56eeefa8df3e6,U-972b557abc18,U-5267aab5da08,978,101,PENDING,078ffb7639e6d05f246bd9177355a80e6b71a48be28d2d49308900537d13a6f7,,,NOT_RUN,NOT_RUN,
U-5267aab5da08,F00001,光的衍射,1,3112,3114,3,COURSE,COURSE,,EXPLICIT,8d0f916d91b5753fd94d358c4b32e9a6c02b1f30120f43b4cbb2165dc1684450,2,0,0,scene-default-course,1,DEFAULT,DEFAULT,SCENE_DEFAULT,COURSE,e8271e953d604cab9c4b4c0b6dd670d69145c0e44ee46c1ea5d40410903ce16c,True,REWRITE,STRUCTURAL,NOT_RUN,U-5267aab5da08,3967e0601d6f240690179da70375c0cef1a25775cf585fddfc320dc873e53b92,U-a85c2982f88b,U-d0cbfb6140f4,0,1,SKIPPED_PROTECTED,8b587d9aee2651486543460e88be39d6a8ae0d5dfea609635e4a4f2d649631e0,,,NOT_RUN,NOT_RUN,
U-d0cbfb6140f4,F00001,光的衍射 / 衍射现象，惠更斯-菲涅尔原理,1,3115,3136,22,COURSE,COURSE,,EXPLICIT,8d0f916d91b5753fd94d358c4b32e9a6c02b1f30120f43b4cbb2165dc1684450,2,0,0,scene-default-course,1,DEFAULT,DEFAULT,SCENE_DEFAULT,COURSE,e8271e953d604cab9c4b4c0b6dd670d69145c0e44ee46c1ea5d40410903ce16c,True,REWRITE,STRUCTURAL,NOT_RUN,U-d0cbfb6140f4,91d770f2e553213c3dc86f722df9a91797aa97cec3b346af33b48fa469a22ede,U-5267aab5da08,U-b0650e552840,349,27,PENDING,0f3c26c7b9dbf1fd49be3c888bbb0e114f6384e421144b3699988b0f939a0f72,,,NOT_RUN,NOT_RUN,
U-b0650e552840,F00001,光的衍射 / 菲涅耳半波带与半波带法,1,3137,3185,49,COURSE,COURSE,,EXPLICIT,8d0f916d91b5753fd94d358c4b32e9a6c02b1f30120f43b4cbb2165dc1684450,2,0,0,scene-default-course,1,DEFAULT,DEFAULT,SCENE_DEFAULT,COURSE,e8271e953d604cab9c4b4c0b6dd670d69145c0e44ee46c1ea5d40410903ce16c,True,REWRITE,STRUCTURAL,NOT_RUN,U-b0650e552840,d1425b8092b7dfd36896ff3a2225900e5337f0497e9b2ad001495c1272d0f9ca,U-d0cbfb6140f4,U-fbf2195c5656,7,8,PENDING,a8d6b95842ee2102d503f91f6132c12e92a1d4f7ffbff173e789f5a57098f0b8,,,NOT_RUN,NOT_RUN,
U-fbf2195c5656,F00001,光的衍射 / 单缝的夫琅禾费衍射,1,3186,3306,121,COURSE,COURSE,,EXPLICIT,8d0f916d91b5753fd94d358c4b32e9a6c02b1f30120f43b4cbb2165dc1684450,2,0,0,scene-default-course,1,DEFAULT,DEFAULT,SCENE_DEFAULT,COURSE,e8271e953d604cab9c4b4c0b6dd670d69145c0e44ee46c1ea5d40410903ce16c,True,REWRITE,STRUCTURAL,NOT_RUN,U-fbf2195c5656,20f90f00c94c572cf736c6cffdf876b1cc0489ac7c737ee2092a5a9bf58145ce,U-b0650e552840,U-dcb550be225a,210,47,PENDING,6f9510bf552fb439beb440d602a39965cabcbb76b251d024a5dd1289d6cb735c,,,NOT_RUN,NOT_RUN,
U-dcb550be225a,F00001,光的衍射 / 圆孔夫琅禾费衍射与光学仪器的分辨本领,1,3307,3369,63,COURSE,COURSE,,EXPLICIT,8d0f916d91b5753fd94d358c4b32e9a6c02b1f30120f43b4cbb2165dc1684450,2,0,0,scene-default-course,1,DEFAULT,DEFAULT,SCENE_DEFAULT,COURSE,e8271e953d604cab9c4b4c0b6dd670d69145c0e44ee46c1ea5d40410903ce16c,True,REWRITE,STRUCTURAL,NOT_RUN,U-dcb550be225a,81788fb06fa1edfdc53497583f507db87179344ae688e2ba17f159c4354f9773,U-fbf2195c5656,U-49f62aca29dc,181,25,PENDING,4179d2d2f91cdc8ced467f9baad91b5d4c916905889d9f670ec55ee08af0f474,,,NOT_RUN,NOT_RUN,
U-49f62aca29dc,F00001,光的衍射 / 光栅衍射,1,3370,3412,43,COURSE,COURSE,,EXPLICIT,8d0f916d91b5753fd94d358c4b32e9a6c02b1f30120f43b4cbb2165dc1684450,2,0,0,scene-default-course,1,DEFAULT,DEFAULT,SCENE_DEFAULT,COURSE,e8271e953d604cab9c4b4c0b6dd670d69145c0e44ee46c1ea5d40410903ce16c,True,REWRITE,STRUCTURAL,NOT_RUN,U-49f62aca29dc,56ab97f59160a7195e8a3c198123839c4cb5fd4438c69f70f6f0f65ab0324854,U-dcb550be225a,U-df415cbccf77,19,13,PENDING,24d3af40ce10b6084aa9fb8fceb5322fda13aaf2fef2574984035966376b8e75,,,NOT_RUN,NOT_RUN,
U-df415cbccf77,F00001,光的衍射 / 光栅衍射 / 光栅衍射图样，缺级现象,1,3413,3622,210,COURSE,COURSE,,EXPLICIT,8d0f916d91b5753fd94d358c4b32e9a6c02b1f30120f43b4cbb2165dc1684450,2,0,0,scene-default-course,1,DEFAULT,DEFAULT,SCENE_DEFAULT,COURSE,e8271e953d604cab9c4b4c0b6dd670d69145c0e44ee46c1ea5d40410903ce16c,True,REWRITE,STRUCTURAL,NOT_RUN,U-df415cbccf77,26b33e3475309b4562397f5b9d644d13eeb88acf69dedbc2ffc46f246d68fc53,U-49f62aca29dc,U-e6a9c1003e86,749,112,PENDING,f15a87cf8e1ad9c410051ecf1fe2372684f5f471b3d77053ff6cfbdff59f72d0,,,NOT_RUN,NOT_RUN,
U-e6a9c1003e86,F00001,光的偏振,1,3623,3690,68,COURSE,COURSE,,EXPLICIT,8d0f916d91b5753fd94d358c4b32e9a6c02b1f30120f43b4cbb2165dc1684450,2,0,0,scene-default-course,1,DEFAULT,DEFAULT,SCENE_DEFAULT,COURSE,e8271e953d604cab9c4b4c0b6dd670d69145c0e44ee46c1ea5d40410903ce16c,True,REWRITE,STRUCTURAL,NOT_RUN,U-e6a9c1003e86,16ee126ae83d1cf4b319ea4c2f086b7c8c85c88f7e857fd559bab3b429d73dff,U-df415cbccf77,U-b3bd48fba781,27,16,PENDING,47aa743ec59d9893f8dc5f60ebb304b48dc2547fd680c9992f718c1d55e0a3f7,,,NOT_RUN,NOT_RUN,
U-b3bd48fba781,F00001,光的偏振 / 反射和折射时的偏振,1,3691,3718,28,COURSE,COURSE,,EXPLICIT,8d0f916d91b5753fd94d358c4b32e9a6c02b1f30120f43b4cbb2165dc1684450,2,0,0,scene-default-course,1,DEFAULT,DEFAULT,SCENE_DEFAULT,COURSE,e8271e953d604cab9c4b4c0b6dd670d69145c0e44ee46c1ea5d40410903ce16c,True,REWRITE,STRUCTURAL,NOT_RUN,U-b3bd48fba781,a31325c8dfa6b3556bd4e278ff5fcfc5ea00dc560e8cedd4bf2a798846c9c042,U-e6a9c1003e86,U-afead112c45c,0,6,SKIPPED_PROTECTED,b9160f4feacdd86b70642717a137df61bc33bf1dd2c1a66898075f8e08ce75c0,,,NOT_RUN,NOT_RUN,
U-afead112c45c,F00001,气体动理论,1,3719,3749,31,COURSE,COURSE,,EXPLICIT,8d0f916d91b5753fd94d358c4b32e9a6c02b1f30120f43b4cbb2165dc1684450,2,0,0,scene-default-course,1,DEFAULT,DEFAULT,SCENE_DEFAULT,COURSE,e8271e953d604cab9c4b4c0b6dd670d69145c0e44ee46c1ea5d40410903ce16c,True,REWRITE,STRUCTURAL,NOT_RUN,U-afead112c45c,eff7007bd8ac7e17fce1456d3c9587919543dfb72b5036e12a85deb2f09f0fb0,U-b3bd48fba781,U-89315852a378,0,4,SKIPPED_PROTECTED,32e62975b712f0e545bfe235ccaa3e4d36694a18f32c52b2af8aa1774f71659d,,,NOT_RUN,NOT_RUN,
U-89315852a378,F00001,气体动理论 / 气体分子数按速率分布的统计规律,1,3750,3829,80,COURSE,COURSE,,EXPLICIT,8d0f916d91b5753fd94d358c4b32e9a6c02b1f30120f43b4cbb2165dc1684450,2,0,0,scene-default-course,1,DEFAULT,DEFAULT,SCENE_DEFAULT,COURSE,e8271e953d604cab9c4b4c0b6dd670d69145c0e44ee46c1ea5d40410903ce16c,True,REWRITE,STRUCTURAL,NOT_RUN,U-89315852a378,38741debfe404c6716fa72fc3ffb5962ed153acc84f7cf2ecc836a8c15c2585b,U-afead112c45c,U-626993c098ba,224,38,PENDING,7969bf54ba24174eed140d2199bf95c2694a423c62f9035378576c5eaaa98a47,,,NOT_RUN,NOT_RUN,
U-626993c098ba,F00001,气体动理论 / 压强和温度的微观解释,1,3830,3922,93,COURSE,COURSE,,EXPLICIT,8d0f916d91b5753fd94d358c4b32e9a6c02b1f30120f43b4cbb2165dc1684450,2,0,0,scene-default-course,1,DEFAULT,DEFAULT,SCENE_DEFAULT,COURSE,e8271e953d604cab9c4b4c0b6dd670d69145c0e44ee46c1ea5d40410903ce16c,True,REWRITE,STRUCTURAL,NOT_RUN,U-626993c098ba,c94f017eac7e1e7d3370a8f2cb127e564a22c25cf44d62f8be0b0e2cf916b362,U-89315852a378,U-b812148e8f59,104,49,PENDING,ac42679d6cd0d2cc881d7116a5aa4a224a51988364a7abde377798969a4f2721,,,NOT_RUN,NOT_RUN,
U-b812148e8f59,F00001,气体动理论 / 自由度,1,3923,3991,69,COURSE,COURSE,,EXPLICIT,8d0f916d91b5753fd94d358c4b32e9a6c02b1f30120f43b4cbb2165dc1684450,2,0,0,scene-default-course,1,DEFAULT,DEFAULT,SCENE_DEFAULT,COURSE,e8271e953d604cab9c4b4c0b6dd670d69145c0e44ee46c1ea5d40410903ce16c,True,REWRITE,STRUCTURAL,NOT_RUN,U-b812148e8f59,76433e6cec3a3936ffec007f353d61272290859f132676889ddf91af4acd8420,U-626993c098ba,U-d59c49d305f7,60,36,PENDING,4bb12a3b713695bfc904f04c06df01320ab395de2c970b635be151c4eb743f58,,,NOT_RUN,NOT_RUN,
U-d59c49d305f7,F00001,热力学第一定律,1,3992,4094,103,COURSE,COURSE,,EXPLICIT,8d0f916d91b5753fd94d358c4b32e9a6c02b1f30120f43b4cbb2165dc1684450,2,0,0,scene-default-course,1,DEFAULT,DEFAULT,SCENE_DEFAULT,COURSE,e8271e953d604cab9c4b4c0b6dd670d69145c0e44ee46c1ea5d40410903ce16c,True,REWRITE,STRUCTURAL,NOT_RUN,U-d59c49d305f7,ab59821e1fa8691c0992e7fedc7cf8308dc173ecf1d610616cfb0d1be75d2f4d,U-b812148e8f59,U-d6e46fcdecdc,304,66,PENDING,2e415e0eca460e145f70201b0e6fef213994d455812104e0f2bb761cb2f13267,,,NOT_RUN,NOT_RUN,
U-d6e46fcdecdc,F00001,热力学第一定律 / 气体的热容与摩尔热容,1,4095,4189,95,COURSE,COURSE,,EXPLICIT,8d0f916d91b5753fd94d358c4b32e9a6c02b1f30120f43b4cbb2165dc1684450,2,0,0,scene-default-course,1,DEFAULT,DEFAULT,SCENE_DEFAULT,COURSE,e8271e953d604cab9c4b4c0b6dd670d69145c0e44ee46c1ea5d40410903ce16c,True,REWRITE,STRUCTURAL,NOT_RUN,U-d6e46fcdecdc,d9fe333567ef304e6cb4ca874960b660370c062092178351b882077a15bd27a3,U-d59c49d305f7,U-98806941b85a,198,39,PENDING,03942d0ebf4c46b65ead0126f662277e97696a29a2508b6d88cd39e793664ebd,,,NOT_RUN,NOT_RUN,
U-98806941b85a,F00001,热力学第一定律 / 循环过程,1,4190,4327,138,COURSE,COURSE,,EXPLICIT,8d0f916d91b5753fd94d358c4b32e9a6c02b1f30120f43b4cbb2165dc1684450,2,0,0,scene-default-course,1,DEFAULT,DEFAULT,SCENE_DEFAULT,COURSE,e8271e953d604cab9c4b4c0b6dd670d69145c0e44ee46c1ea5d40410903ce16c,True,REWRITE,STRUCTURAL,NOT_RUN,U-98806941b85a,62defd5bc862dfc764344dfd34907c18ef1a91dd65de8fdc57eb7c469a6103f9,U-d6e46fcdecdc,U-2d70ab53570c,267,52,PENDING,23be3ed30d7e181521a10df99f53d2572af363ab0c6d57644712e145eaca55cc,,,NOT_RUN,NOT_RUN,
U-2d70ab53570c,F00001,热力学第一定律 / 循环过程 / 正循环与热机效率，逆循环与致冷系数，卡诺循环,1,4328,4552,225,COURSE,COURSE,,EXPLICIT,8d0f916d91b5753fd94d358c4b32e9a6c02b1f30120f43b4cbb2165dc1684450,2,0,0,scene-default-course,1,DEFAULT,DEFAULT,SCENE_DEFAULT,COURSE,e8271e953d604cab9c4b4c0b6dd670d69145c0e44ee46c1ea5d40410903ce16c,True,REWRITE,STRUCTURAL,NOT_RUN,U-2d70ab53570c,2bb086d7f4ea95f56e4f34df7c4cb11f57d3afdd2b93ab72971c3947a7b9bf12,U-98806941b85a,U-168d1365edec,525,89,PENDING,aba88d3aaa037a82944189682949a7a74e829ddc3e7213b5b5c73805496dbf68,,,NOT_RUN,NOT_RUN,
U-168d1365edec,F00001,热力学第二定律,1,4553,4586,34,COURSE,COURSE,,EXPLICIT,8d0f916d91b5753fd94d358c4b32e9a6c02b1f30120f43b4cbb2165dc1684450,2,0,0,scene-default-course,1,DEFAULT,DEFAULT,SCENE_DEFAULT,COURSE,e8271e953d604cab9c4b4c0b6dd670d69145c0e44ee46c1ea5d40410903ce16c,True,REWRITE,STRUCTURAL,NOT_RUN,U-168d1365edec,7121d2738e2dbed669e6502f91689c69d6b7f28e280426c2296e6e8ee99792e8,U-2d70ab53570c,U-2e772d158a93,0,4,SKIPPED_PROTECTED,21398342bbaf2ab91c3da32a2f823ac055ad6c779db24c04880eed9af827c6c8,,,NOT_RUN,NOT_RUN,
U-2e772d158a93,F00001,热力学第二定律 / 熵,1,4587,4685,99,COURSE,COURSE,,EXPLICIT,8d0f916d91b5753fd94d358c4b32e9a6c02b1f30120f43b4cbb2165dc1684450,2,0,0,scene-default-course,1,DEFAULT,DEFAULT,SCENE_DEFAULT,COURSE,e8271e953d604cab9c4b4c0b6dd670d69145c0e44ee46c1ea5d40410903ce16c,True,REWRITE,STRUCTURAL,NOT_RUN,U-2e772d158a93,cb5747ef3fc9360ebe4d6c2c144deb820d3d45f235c2064a282dc56f0a787bc4,U-168d1365edec,,101,22,PENDING,c6a777c467f336ab0e9942ae0097e5292b43dbe9efd121cd142be60d7cb65d19,,,NOT_RUN,NOT_RUN,
