title	file
African countries must get smarter with their agriculture	2023.12六级真题第1套【可复制可检索】.txt
Are Forgotten Crops the Future of Food?	2024.12六级真题第1套.txt
Classical music aims to evolve, build audiences without alienating old guard	2022年12月英语六级真题第3套.txt
Do You Know When to Quit Wisely?	2025.12六级真题第2套.txt
Fear of Nature: An Emerging Threat to Conservation	2022年12月英语六级真题第2套.txt
Is computer coding a foreign language?	2022.09英语六级真题第1套【可复制可搜索，打印首选】.txt
Restaurants are now employing robots-should chefs be worried?	2025.12六级真题第1套.txt
San Francisco Has Become One Huge Metaphor for Economic Inequality in America	2023.03英语六级真题第1套.txt
Saving Our Planet	2022.06六级真题第2套【可复制可搜索，打印首选】.txt
The Benefits of Solitude	2025.06六级真题第3套.txt
The Doctor Will Skype You Now	2022.06六级真题第1套【可复制可搜索，打印首选】.txt
The Free-Trade Paradox	2024.12六级真题第3套.txt
The History and Meaning of Colored Traffic Lights	2025.12六级真题第3套.txt
The lifesaving power of gratitude	2023.06英语六级真题第1套.txt
The problem with being perfect	2023.06英语六级真题第2套.txt
This man is running 7 marathons on 7 continents in 7 days	2022年12月英语六级真题第1套.txt
Treasure Fever	2023.12六级真题第2套【可复制可检索】.txt
What Is a Super Blood Wolf Moon?	2024.12六级真题第2套.txt
Why Your Library Is the Most Important Place in Town	2025.06六级真题第1套.txt
Why we need tiny colleges	2023.06英语六级真题第3套.txt
Yes, eating meat affects the environment, but cows are not killing the climate	2025.06六级真题第2套.txt